{
	"info": {
		"_postman_id": "cf6039e2-d9c0-4460-9643-f77e1043b5a1",
		"name": "API da Quanta V1",
		"description": "O Atenaprev.Net possuirá uma API REST para interagir com seus recursos, através JSON sobre HTTP, usando os verbos HTTP GET, PUT e POST. Cada recurso possui sua própria URL e pode ser manipulado de maneira isolada.\n",
		"schema": "https://schema.getpostman.com/json/collection/v2.1.0/collection.json"
	},
	"item": [
		{
			"name": "api",
			"item": [
				{
					"name": "login",
					"request": {
						"method": "POST",
						"header": [
							{
								"key": "Accept",
								"value": "application/json"
							}
						],
						"body": {
							"mode": "raw",
							"raw": "{\n    \"Login\": \"Teste\",\n    \"Password\": \"SenhaTeste\"\n}"
						},
						"url": {
							"raw": "{{hostname}}/api/v1/acesso/login",
							"host": [
								"{{hostname}}"
							],
							"path": [
								"api",
								"v1",
								"acesso",
								"login"
							]
						},
						"description": "Serviço que deverá ser consumido para realizar o Login na aplicação."
					},
					"response": []
				},
				{
					"name": "GetParticipantesAtivos",
					"request": {
						"method": "GET",
						"header": [
							{
								"key": "Accept",
								"value": "application/json"
							},
							{
								"key": "Authorization",
								"value": "{{Authorization}}"
							}
						],
						"body": {},
						"url": {
							"raw": "{{hostname}}/api/v1/beneficio/participante/Ativos?codigoplano=4",
							"host": [
								"{{hostname}}"
							],
							"path": [
								"api",
								"v1",
								"beneficio",
								"participante",
								"Ativos"
							],
							"query": [
								{
									"key": "codigoplano",
									"value": "4"
								}
							]
						},
						"description": "Retorna os participantes ativos."
					},
					"response": []
				},
				{
					"name": "GetInstituidor",
					"request": {
						"method": "GET",
						"header": [
							{
								"key": "Accept",
								"value": "application/json"
							},
							{
								"key": "Authorization",
								"value": "{{Authorization}}"
							}
						],
						"body": {},
						"url": {
							"raw": "{{hostname}}/api/v1/beneficio/participante/Instituidor?codigoPlano=4",
							"host": [
								"{{hostname}}"
							],
							"path": [
								"api",
								"v1",
								"beneficio",
								"participante",
								"Instituidor"
							],
							"query": [
								{
									"key": "codigoPlano",
									"value": "4"
								}
							]
						},
						"description": "Retorna os Instituidores que contém vínculo com um determinado plano."
					},
					"response": []
				},
				{
					"name": "GetTitulosCobranca",
					"request": {
						"method": "GET",
						"header": [
							{
								"key": "Accept",
								"value": "application/json"
							},
							{
								"key": "Authorization",
								"value": "{{Authorization}}"
							}
						],
						"body": {},
						"url": {
							"raw": "{{hostname}}/api/v1/beneficio/participante/TitulosCobrancaEmpresa?competencia={{competencia}}&diaVencimento={{diaVencimento}}&cnpjEmpregador={{cnpjEmpregador}}&tipoCobranca={{tipoCobranca}}&status={{status}}&codigoContrato={{codigoContrato}}",
							"host": [
								"{{hostname}}"
							],
							"path": [
								"api",
								"v1",
								"beneficio",
								"participante",
								"TitulosCobrancaEmpresa"
							],
							"query": [
								{
									"key": "competencia",
									"value": "{{competencia}}"
								},
								{
									"key": "diaVencimento",
									"value": "{{diaVencimento}}"
								},
								{
									"key": "cnpjEmpregador",
									"value": "{{cnpjEmpregador}}"
								},
								{
									"key": "tipoCobranca",
									"value": "{{tipoCobranca}}"
								},
								{
									"key": "status",
									"value": "{{status}}"
								},
								{
									"key": "codigoContrato",
									"value": "{{codigoContrato}}"
								}
							]
						},
						"description": "Retorna os Títulos de Cobrança destinados ao Empregador informado."
					},
					"response": []
				},
				{
					"name": "GetPropostasAdesaoPorPeriodo",
					"request": {
						"method": "GET",
						"header": [
							{
								"key": "Accept",
								"value": "application/json"
							},
							{
								"key": "Authorization",
								"value": "{{Authorization}}"
							}
						],
						"body": {},
						"url": {
							"raw": "{{hostname}}/api/v1/beneficio/participante/adesoesPorPeriodo?dataInicio={{dataInicio}}&codigoPlano={{codigoPlano}}&cnpjEmpregador={{cnpjEmpregador}}&codigoInstituidor={{codigoInstituidor}}&dataFim={{dataFim}}",
							"host": [
								"{{hostname}}"
							],
							"path": [
								"api",
								"v1",
								"beneficio",
								"participante",
								"adesoesPorPeriodo"
							],
							"query": [
								{
									"key": "dataInicio",
									"value": "{{dataInicio}}"
								},
								{
									"key": "codigoPlano",
									"value": "{{codigoPlano}}"
								},
								{
									"key": "cnpjEmpregador",
									"value": "{{cnpjEmpregador}}"
								},
								{
									"key": "codigoInstituidor",
									"value": "{{codigoInstituidor}}"
								},
								{
									"key": "dataFim",
									"value": "{{dataFim}}"
								}
							]
						},
						"description": "Retorna as propostas efetivadas no período passado como parâmetro na URL."
					},
					"response": []
				},
				{
					"name": "GetContribuicoesAporteMovimentacaoDiaria",
					"request": {
						"method": "GET",
						"header": [
							{
								"key": "Accept",
								"value": "application/json"
							},
							{
								"key": "Authorization",
								"value": "{{Authorization}}"
							}
						],
						"body": {},
						"url": {
							"raw": "{{hostname}}/api/v1/beneficio/participante/aporteParticipante/contribuicoesMovimentacaoDiaria?nome={{nome}}&inscricao={{inscricao}}&codigoPlano={{codigoPlano}}&cpf={{cpf}}&codigoInstituidor={{codigoInstituidor}}",
							"host": [
								"{{hostname}}"
							],
							"path": [
								"api",
								"v1",
								"beneficio",
								"participante",
								"aporteParticipante",
								"contribuicoesMovimentacaoDiaria"
							],
							"query": [
								{
									"key": "nome",
									"value": "{{nome}}"
								},
								{
									"key": "inscricao",
									"value": "{{inscricao}}"
								},
								{
									"key": "codigoPlano",
									"value": "{{codigoPlano}}"
								},
								{
									"key": "cpf",
									"value": "{{cpf}}"
								},
								{
									"key": "codigoInstituidor",
									"value": "{{codigoInstituidor}}"
								}
							]
						},
						"description": "Retorna as contribuições de aporte do participante para a exclusão da movimentação diária."
					},
					"response": []
				},
				{
					"name": "GetAportesParticipanteByInscricaoCpf",
					"request": {
						"method": "GET",
						"header": [
							{
								"key": "Accept",
								"value": "application/json"
							},
							{
								"key": "Authorization",
								"value": "{{Authorization}}"
							}
						],
						"body": {},
						"url": {
							"raw": "{{hostname}}/api/v1/beneficio/participante/aporteProgramado?tipo={{tipo}}&inscricao={{inscricao}}&codigoPlano={{codigoPlano}}&cpf={{cpf}}&codigoInstituidor={{codigoInstituidor}}",
							"host": [
								"{{hostname}}"
							],
							"path": [
								"api",
								"v1",
								"beneficio",
								"participante",
								"aporteProgramado"
							],
							"query": [
								{
									"key": "tipo",
									"value": "{{tipo}}"
								},
								{
									"key": "inscricao",
									"value": "{{inscricao}}"
								},
								{
									"key": "codigoPlano",
									"value": "{{codigoPlano}}"
								},
								{
									"key": "cpf",
									"value": "{{cpf}}"
								},
								{
									"key": "codigoInstituidor",
									"value": "{{codigoInstituidor}}"
								}
							]
						},
						"description": "Retorna a relação de Aportes Programados filtrados pelo identificador da adesão passada na URL."
					},
					"response": []
				},
				{
					"name": "UpdateAporteProgramado",
					"request": {
						"method": "POST",
						"header": [
							{
								"key": "Accept",
								"value": "application/json"
							},
							{
								"key": "Authorization",
								"value": "{{Authorization}}"
							}
						],
						"body": {
							"mode": "raw",
							"raw": "{\n    \"inscricaoQuanta\": \"22690\",\n    \"origemAporte\": \"Participante\",\n    \"codigoPlano\": 2,\n    \"diaVencimento\": 5,\n    \"fimAporte\": \"2014-12-01T00:00:00\",\n    \"codigoAngariador\": 2,\n    \"nomeAngariador\": \"Nome do Angariador\",\n    \"userName\": \"nomeUsuarioSOP\"\n}"
						},
						"url": {
							"raw": "{{hostname}}/api/v1/beneficio/participante/aporteProgramado/atualizar",
							"host": [
								"{{hostname}}"
							],
							"path": [
								"api",
								"v1",
								"beneficio",
								"participante",
								"aporteProgramado",
								"atualizar"
							]
						}
					},
					"response": []
				},
				{
					"name": "CancelarAporteProgramado",
					"request": {
						"method": "POST",
						"header": [
							{
								"key": "Accept",
								"value": "application/json"
							},
							{
								"key": "Authorization",
								"value": "{{Authorization}}"
							}
						],
						"body": {
							"mode": "raw",
							"raw": "{\n    \"inscricaoQuanta\": \"1234\",\n    \"origemAporte\": \"Participante\",\n    \"codigoPlano\": 2,\n    \"userName\": \"nomeUsuarioSOP\"\n}"
						},
						"url": {
							"raw": "{{hostname}}/api/v1/beneficio/participante/aporteProgramado/cancelar",
							"host": [
								"{{hostname}}"
							],
							"path": [
								"api",
								"v1",
								"beneficio",
								"participante",
								"aporteProgramado",
								"cancelar"
							]
						},
						"description": "Cancela um Aporte Programado no sistema."
					},
					"response": []
				},
				{
					"name": "InsertAporteParticipante",
					"request": {
						"method": "PUT",
						"header": [
							{
								"key": "Accept",
								"value": "application/json"
							},
							{
								"key": "Authorization",
								"value": "{{Authorization}}"
							}
						],
						"body": {
							"mode": "raw",
							"raw": "{\n    \"inscricoesQuanta\": \"38\",\n    \"codigoPlano\": 2,\n    \"inicioAporte\": \"2014-09-01T00:00:00\",\n    \"fimAporte\": \"2014-12-01T00:00:00\",\n    \"origemAporte\": \"Empregador\",\n    \"tipoAporte\": \"Único\",\n    \"diaVencimento\": 15,\n    \"valorAporte\": 90.67,\n    \"numeroDocumentoProducaoDiaria\": 1234,\n    \"codigoAngariador\": 3894,\n    \"nomeAngariador\": \"Quanta Angariador\",\n    \"origemAngariador\": \"RH\",\n    \"formaPagamento\": {\n        \"descricaoFormaPagamento\": \"Débito em Conta\",\n        \"nomeCorrentista\": \"Nome do correntista para Débito em Conta\",\n        \"cpfCorrentista\": \"12345678900\",\n        \"cnpjCorrentista\": \"12345678901234\",\n        \"codigoBanco\": \"001\",\n        \"codigoAgencia\": \"3025\",\n        \"digitoAgencia\": \"8\",\n        \"numeroConta\": \"123456\",\n        \"digitoConta\": \"2\",\n        \"tipoContaBancaria\": \"Corrente\"\n    },\n    \"userName\": \"nomeUsuáioSOP\"\n}"
						},
						"url": {
							"raw": "{{hostname}}/api/v1/beneficio/participante/aporteProgramado/inserir",
							"host": [
								"{{hostname}}"
							],
							"path": [
								"api",
								"v1",
								"beneficio",
								"participante",
								"aporteProgramado",
								"inserir"
							]
						},
						"description": "Insere um Aporte Programado no sistema."
					},
					"response": []
				},
				{
					"name": "CancelarAporteUnico",
					"request": {
						"method": "POST",
						"header": [
							{
								"key": "Accept",
								"value": "application/json"
							},
							{
								"key": "Authorization",
								"value": "{{Authorization}}"
							}
						],
						"body": {
							"mode": "raw",
							"raw": "{\n    \"numeroDocumentoProducaoDiaria\": \"1234\",\n    \"codigoPlano\": 2,\n    \"userName\": \"nomeUsuarioSOP\"\n}"
						},
						"url": {
							"raw": "{{hostname}}/api/v1/beneficio/participante/aporteUnico/cancelar",
							"host": [
								"{{hostname}}"
							],
							"path": [
								"api",
								"v1",
								"beneficio",
								"participante",
								"aporteUnico",
								"cancelar"
							]
						},
						"description": "Cancela um aporte único no sistema"
					},
					"response": []
				},
				{
					"name": "GetBoletoByAporte",
					"request": {
						"method": "POST",
						"header": [
							{
								"key": "Accept",
								"value": "application/json"
							},
							{
								"key": "Authorization",
								"value": "{{Authorization}}"
							}
						],
						"body": {
							"mode": "raw",
							"raw": "{\n    \"inscricaoQuanta\": \"89494\",\n    \"origemAporte\": \"Empregador\",\n    \"tipoAporte\": \"Único\",\n    \"vencimento\": \"2018-03-25T00:00:00\",\n    \"valorAporte\": 132,\n    \"formaPagamento\": \"Boleto\",\n    \"userName\": \"sop\",\n    \"codigoPlano\": 1\n}"
						},
						"url": {
							"raw": "{{hostname}}/api/v1/beneficio/participante/boletoAporte",
							"host": [
								"{{hostname}}"
							],
							"path": [
								"api",
								"v1",
								"beneficio",
								"participante",
								"boletoAporte"
							]
						},
						"description": "Gera e retorna um array de byte do Boleto de Aporte"
					},
					"response": []
				},
				{
					"name": "GetBoletoRiscoByIdentificador",
					"request": {
						"method": "GET",
						"header": [
							{
								"key": "Accept",
								"value": "application/json"
							},
							{
								"key": "Authorization",
								"value": "{{Authorization}}"
							}
						],
						"body": {},
						"url": {
							"raw": "{{hostname}}/api/v1/beneficio/participante/boletoRisco?identificadorSeguradora={{identificadorSeguradora}}&dataVencimento={{dataVencimento}}&codigoPlano={{codigoPlano}}&novaDataVencimento={{novaDataVencimento}}",
							"host": [
								"{{hostname}}"
							],
							"path": [
								"api",
								"v1",
								"beneficio",
								"participante",
								"boletoRisco"
							],
							"query": [
								{
									"key": "identificadorSeguradora",
									"value": "{{identificadorSeguradora}}"
								},
								{
									"key": "dataVencimento",
									"value": "{{dataVencimento}}"
								},
								{
									"key": "codigoPlano",
									"value": "{{codigoPlano}}"
								},
								{
									"key": "novaDataVencimento",
									"value": "{{novaDataVencimento}}"
								}
							]
						},
						"description": "Retorna o boleto da Cobrança da Apólice de Risco com o número do identificador Seguradora passado no parâmetro."
					},
					"response": []
				},
				{
					"name": "GetBoletoTitulo",
					"request": {
						"method": "PUT",
						"header": [
							{
								"key": "Accept",
								"value": "application/json"
							},
							{
								"key": "Authorization",
								"value": "{{Authorization}}"
							}
						],
						"body": {
							"mode": "raw",
							"raw": "{\n    \"identificadoresTitulos\": [\n        {\n            \"identificadorTitulo\": 452\n        }\n    ]\n}"
						},
						"url": {
							"raw": "{{hostname}}/api/v1/beneficio/participante/boletoTituloEmpresa/gerar",
							"host": [
								"{{hostname}}"
							],
							"path": [
								"api",
								"v1",
								"beneficio",
								"participante",
								"boletoTituloEmpresa",
								"gerar"
							]
						},
						"description": "Retorna um array de bytes dos boletos dos Identificadores Títulos informados."
					},
					"response": []
				},
				{
					"name": "GetCalendarioCobranca",
					"request": {
						"method": "GET",
						"header": [
							{
								"key": "Accept",
								"value": "application/json"
							},
							{
								"key": "Authorization",
								"value": "{{Authorization}}"
							}
						],
						"body": {},
						"url": {
							"raw": "{{hostname}}/api/v1/beneficio/participante/calendarioCobranca?formaPagamento={{formaPagamento}}&identificadorContrato={{identificadorContrato}}&codigoPlano={{codigoPlano}}&cnpjEmpregador={{cnpjEmpregador}}",
							"host": [
								"{{hostname}}"
							],
							"path": [
								"api",
								"v1",
								"beneficio",
								"participante",
								"calendarioCobranca"
							],
							"query": [
								{
									"key": "formaPagamento",
									"value": "{{formaPagamento}}"
								},
								{
									"key": "identificadorContrato",
									"value": "{{identificadorContrato}}"
								},
								{
									"key": "codigoPlano",
									"value": "{{codigoPlano}}"
								},
								{
									"key": "cnpjEmpregador",
									"value": "{{cnpjEmpregador}}"
								}
							]
						},
						"description": "Retorna os calendários de cobrança para realização da geração da cobrança."
					},
					"response": []
				},
				{
					"name": "GetCobrancasNaoGerada",
					"request": {
						"method": "GET",
						"header": [
							{
								"key": "Accept",
								"value": "application/json"
							},
							{
								"key": "Authorization",
								"value": "{{Authorization}}"
							}
						],
						"body": {},
						"url": {
							"raw": "{{hostname}}/api/v1/beneficio/participante/cobrancasNaoGerada?identificadorContrato={{identificadorContrato}}&codigoPlano={{codigoPlano}}&dataReferencia={{dataReferencia}}&cnpjEmpresa={{cnpjEmpresa}}",
							"host": [
								"{{hostname}}"
							],
							"path": [
								"api",
								"v1",
								"beneficio",
								"participante",
								"cobrancasNaoGerada"
							],
							"query": [
								{
									"key": "identificadorContrato",
									"value": "{{identificadorContrato}}"
								},
								{
									"key": "codigoPlano",
									"value": "{{codigoPlano}}"
								},
								{
									"key": "dataReferencia",
									"value": "{{dataReferencia}}"
								},
								{
									"key": "cnpjEmpresa",
									"value": "{{cnpjEmpresa}}"
								}
							]
						},
						"description": "Retorna as cobranças dos valores das contribuições dos funcionários e contribuições de risco custeadas pela empresa."
					},
					"response": []
				},
				{
					"name": "GetContratoEmpregador",
					"request": {
						"method": "GET",
						"header": [
							{
								"key": "Accept",
								"value": "application/json"
							},
							{
								"key": "Authorization",
								"value": "{{Authorization}}"
							}
						],
						"body": {},
						"url": {
							"raw": "{{hostname}}/api/v1/beneficio/participante/contratoEmpregador?codigoPlano={{codigoPlano}}&cnpjEmpregador={{cnpjEmpregador}}",
							"host": [
								"{{hostname}}"
							],
							"path": [
								"api",
								"v1",
								"beneficio",
								"participante",
								"contratoEmpregador"
							],
							"query": [
								{
									"key": "codigoPlano",
									"value": "{{codigoPlano}}"
								},
								{
									"key": "cnpjEmpregador",
									"value": "{{cnpjEmpregador}}"
								}
							]
						},
						"description": "Retorna os Contratos Empregador"
					},
					"response": []
				},
				{
					"name": "InsertContribuicao",
					"request": {
						"method": "POST",
						"header": [
							{
								"key": "Accept",
								"value": "application/json"
							},
							{
								"key": "Authorization",
								"value": "{{Authorization}}"
							}
						],
						"body": {
							"mode": "raw",
							"raw": "{\n    \"inscricaoQuanta\": \"1234234\",\n    \"dataVencimento\": \"2015-05-20T00:00:00\",\n    \"numeroDocumentoProducaoDiaria\": 1234,\n    \"codigoBanco\": \"001\",\n    \"codigoAgencia\": \"3025\",\n    \"digitoAgencia\": \"8\",\n    \"numeroConta\": \"123456\",\n    \"digitoConta\": \"2\",\n    \"tipoContaBancaria\": \"Corrente\",\n    \"codigoPlano\": 2,\n    \"contribuicaoPlano\": [\n        {\n            \"dataCompetencia\": \"2015-05-01T00:00:00\",\n            \"valor\": 879.97\n        }\n    ],\n    \"produtosRisco\": \"unknown type: array,null\",\n    \"userName\": \"nomeUsuarioSOP\"\n}"
						},
						"url": {
							"raw": "{{hostname}}/api/v1/beneficio/participante/contribuicao/alterar",
							"host": [
								"{{hostname}}"
							],
							"path": [
								"api",
								"v1",
								"beneficio",
								"participante",
								"contribuicao",
								"alterar"
							]
						},
						"description": "Insere nova(s) Contribuição(s) na adesão do participante."
					},
					"response": []
				},
				{
					"name": "InsertContribuicao",
					"request": {
						"method": "PUT",
						"header": [
							{
								"key": "Accept",
								"value": "application/json"
							},
							{
								"key": "Authorization",
								"value": "{{Authorization}}"
							}
						],
						"body": {
							"mode": "raw",
							"raw": "{\n    \"inscricaoQuanta\": \"1234234\",\n    \"dataVencimento\": \"2015-05-20T00:00:00\",\n    \"numeroDocumentoProducaoDiaria\": 1234,\n    \"codigoBanco\": \"001\",\n    \"codigoAgencia\": \"3025\",\n    \"digitoAgencia\": \"8\",\n    \"numeroConta\": \"123456\",\n    \"digitoConta\": \"2\",\n    \"tipoContaBancaria\": \"Corrente\",\n    \"codigoPlano\": 2,\n    \"contribuicaoPlano\": [\n        {\n            \"dataCompetencia\": \"2015-05-01T00:00:00\",\n            \"valor\": 150.87\n        }\n    ],\n    \"produtosRisco\": \"unknown type: array,null\",\n    \"userName\": \"nomeUsuarioSOP\"\n}"
						},
						"url": {
							"raw": "{{hostname}}/api/v1/beneficio/participante/contribuicao/inserir",
							"host": [
								"{{hostname}}"
							],
							"path": [
								"api",
								"v1",
								"beneficio",
								"participante",
								"contribuicao",
								"inserir"
							]
						},
						"description": "Insere nova(s) Contribuição(s) na adesão do participante."
					},
					"response": []
				},
				{
					"name": "GetContribuicoesPassiveisEstorno",
					"request": {
						"method": "GET",
						"header": [
							{
								"key": "Accept",
								"value": "application/json"
							},
							{
								"key": "Authorization",
								"value": "{{Authorization}}"
							}
						],
						"body": {},
						"url": {
							"raw": "{{hostname}}/api/v1/beneficio/participante/contribuicoesPassiveisEstorno?inscricao={{inscricao}}&codigoPlano={{codigoPlano}}&cpf={{cpf}}&codigoInstituidor={{codigoInstituidor}}",
							"host": [
								"{{hostname}}"
							],
							"path": [
								"api",
								"v1",
								"beneficio",
								"participante",
								"contribuicoesPassiveisEstorno"
							],
							"query": [
								{
									"key": "inscricao",
									"value": "{{inscricao}}"
								},
								{
									"key": "codigoPlano",
									"value": "{{codigoPlano}}"
								},
								{
									"key": "cpf",
									"value": "{{cpf}}"
								},
								{
									"key": "codigoInstituidor",
									"value": "{{codigoInstituidor}}"
								}
							]
						},
						"description": "Retorna as contribuições passíveis de estorno"
					},
					"response": []
				},
				{
					"name": "GetParticipanteDadosBasicos",
					"request": {
						"method": "GET",
						"header": [
							{
								"key": "Accept",
								"value": "application/json"
							},
							{
								"key": "Authorization",
								"value": "{{Authorization}}"
							}
						],
						"body": {},
						"url": {
							"raw": "{{hostname}}/api/v1/beneficio/participante/dadosBasicos?inscricao={{inscricao}}&codigoPlano={{codigoPlano}}&codigoInstituidor={{codigoInstituidor}}",
							"host": [
								"{{hostname}}"
							],
							"path": [
								"api",
								"v1",
								"beneficio",
								"participante",
								"dadosBasicos"
							],
							"query": [
								{
									"key": "inscricao",
									"value": "{{inscricao}}"
								},
								{
									"key": "codigoPlano",
									"value": "{{codigoPlano}}"
								},
								{
									"key": "codigoInstituidor",
									"value": "{{codigoInstituidor}}"
								}
							]
						},
						"description": "Retorna o Nome e CPF dos Participantes cadastrados no sistema filtrado pelo Código do Instituidor informado na URL."
					},
					"response": []
				},
				{
					"name": "UpdateDadosCadastrais",
					"request": {
						"method": "POST",
						"header": [
							{
								"key": "Accept",
								"value": "application/json"
							},
							{
								"key": "Authorization",
								"value": "{{Authorization}}"
							}
						],
						"body": {
							"mode": "raw",
							"raw": "{\n    \"inscricaoQuanta\": \"12341234\",\n    \"numeroPostoAtendimento\": 8878,\n    \"politicamenteExposto\": \"S\",\n    \"codigoProfissao\": 1234,\n    \"nomeOcupacaoProfissional\": \"Médico\",\n    \"filiacaoNomeMae\": \"Nome da Mãe do Participante\",\n    \"filiacaoNomePai\": \"Nome do Pai do Participante\",\n    \"nomeConjuge\": \"Nome do Cônjuge\",\n    \"nomeEstadoCivil\": \"Solteiro(a)\",\n    \"nomeCidadeNaturalidade\": \"São Paulo\",\n    \"siglaUFNaturalidade\": \"SP\",\n    \"nomePaisNacionalidade\": \"Brasil\",\n    \"adesao\": {\n        \"rendaDeclarada\": 9485.9,\n        \"codigoPlano\": 2\n    },\n    \"identidade\": {\n        \"numero\": \"878787\",\n        \"orgaoExpedidor\": \"SSP\",\n        \"siglaUFExpedidor\": \"SP\",\n        \"dataExpedicao\": \"1990-12-27T00:00:00\"\n    },\n    \"enderecos\": [\n        {\n            \"logradouro\": \"ABCDEFG\",\n            \"numero\": \"61\",\n            \"complemento\": \"Apto 22C\",\n            \"cep\": \"40000000\",\n            \"origemEndereco\": \"SAU\",\n            \"tipoEndereco\": \"Externo\"\n        }\n    ],\n    \"contatos\": [\n        null\n    ],\n    \"userName\": \"NomeUsuarioSOP\"\n}"
						},
						"url": {
							"raw": "{{hostname}}/api/v1/beneficio/participante/dadosCadastrais/alterar",
							"host": [
								"{{hostname}}"
							],
							"path": [
								"api",
								"v1",
								"beneficio",
								"participante",
								"dadosCadastrais",
								"alterar"
							]
						},
						"description": "Atualiza os dados cadastrais do participante"
					},
					"response": []
				},
				{
					"name": "UpdateDadosCadastraisBasicos",
					"request": {
						"method": "POST",
						"header": [
							{
								"key": "Accept",
								"value": "application/json"
							},
							{
								"key": "Authorization",
								"value": "{{Authorization}}"
							}
						],
						"body": {
							"mode": "raw",
							"raw": "{\n    \"inscricaoQuanta\": \"89494\",\n    \"contato\": \"unknown type: object,null\",\n    \"endereco\": \"unknown type: object,null\",\n    \"userName\": \"sop\",\n    \"codigoPlano\": 1\n}"
						},
						"url": {
							"raw": "{{hostname}}/api/v1/beneficio/participante/dadosCadastraisBasicos/alterar",
							"host": [
								"{{hostname}}"
							],
							"path": [
								"api",
								"v1",
								"beneficio",
								"participante",
								"dadosCadastraisBasicos",
								"alterar"
							]
						},
						"description": "Atualiza os dados cadastrais do participante"
					},
					"response": []
				},
				{
					"name": "GetDadosContribuicaoByInscricao",
					"request": {
						"method": "GET",
						"header": [
							{
								"key": "Accept",
								"value": "application/json"
							},
							{
								"key": "Authorization",
								"value": "{{Authorization}}"
							}
						],
						"body": {},
						"url": {
							"raw": "{{hostname}}/api/v1/beneficio/participante/dadosContribuicao?inscricao={{inscricao}}&codigoPlano={{codigoPlano}}&codigoInstituidor={{codigoInstituidor}}",
							"host": [
								"{{hostname}}"
							],
							"path": [
								"api",
								"v1",
								"beneficio",
								"participante",
								"dadosContribuicao"
							],
							"query": [
								{
									"key": "inscricao",
									"value": "{{inscricao}}"
								},
								{
									"key": "codigoPlano",
									"value": "{{codigoPlano}}"
								},
								{
									"key": "codigoInstituidor",
									"value": "{{codigoInstituidor}}"
								}
							]
						},
						"description": "Retorna os dados da contribuição do participante para o plano bem como os valores das contribuições para os produtos de risco contratados, filtrados pela inscrição informada na URL."
					},
					"response": []
				},
				{
					"name": "GerarAporteDebitoAutorizado",
					"request": {
						"method": "POST",
						"header": [
							{
								"key": "Accept",
								"value": "application/json"
							},
							{
								"key": "Authorization",
								"value": "{{Authorization}}"
							}
						],
						"body": {
							"mode": "raw",
							"raw": "{\n    \"inscricaoQuanta\": \"848\",\n    \"origemAporte\": \"Participante\",\n    \"tipoAporte\": \"Único\",\n    \"vencimento\": \"2018-07-16T00:00:00\",\n    \"valorAporte\": 1000,\n    \"formaPagamento\": \"Débito em conta\",\n    \"codigoBanco\": \"141\",\n    \"numeroAgencia\": \"Número da agência\",\n    \"numeroConta\": \"4813\",\n    \"digitoConta\": \"\",\n    \"userName\": \"username\",\n    \"codigoPlano\": 3\n}"
						},
						"url": {
							"raw": "{{hostname}}/api/v1/beneficio/participante/debitoAporte",
							"host": [
								"{{hostname}}"
							],
							"path": [
								"api",
								"v1",
								"beneficio",
								"participante",
								"debitoAporte"
							]
						},
						"description": "Gerar um Aporte com forma de pagamento débito em conta para um determinado participante"
					},
					"response": []
				},
				{
					"name": "GetDocumentoParticipanteById",
					"request": {
						"method": "GET",
						"header": [
							{
								"key": "Accept",
								"value": "application/json"
							},
							{
								"key": "Authorization",
								"value": "{{Authorization}}"
							}
						],
						"body": {},
						"url": {
							"raw": "{{hostname}}/api/v1/beneficio/participante/documento?codigoPlano={{codigoPlano}}&idDocumento={{idDocumento}}",
							"host": [
								"{{hostname}}"
							],
							"path": [
								"api",
								"v1",
								"beneficio",
								"participante",
								"documento"
							],
							"query": [
								{
									"key": "codigoPlano",
									"value": "{{codigoPlano}}"
								},
								{
									"key": "idDocumento",
									"value": "{{idDocumento}}"
								}
							]
						},
						"description": "Retorna o Documento Filtrado pelo ID passado como parâmetro"
					},
					"response": []
				},
				{
					"name": "PutInsertDocumentoParticipante",
					"request": {
						"method": "PUT",
						"header": [
							{
								"key": "Accept",
								"value": "application/json"
							},
							{
								"key": "Authorization",
								"value": "{{Authorization}}"
							}
						],
						"body": {
							"mode": "raw",
							"raw": "{\n    \"inscricaoQuanta\": \"23424234\",\n    \"codigoPlano\": 1,\n    \"documentos\": [\n        {\n            \"tipoDocumento\": \"Documento Avulso\",\n            \"nomeDocumento\": \"Ficha Matrícula\",\n            \"numeroDocumento\": 1,\n            \"conteudoDocumento\": \"JVBERi0xLjQNCjEgMCBvYmoNCjw8IA0KL0xlbmd0aCA1ODAwDQovRmlsdGVyIC9GbGF0ZURlY29kZ...\"\n        }\n    ],\n    \"userName\": \"nomeUsuarioSOP\"\n}"
						},
						"url": {
							"raw": "{{hostname}}/api/v1/beneficio/participante/documento/inserir",
							"host": [
								"{{hostname}}"
							],
							"path": [
								"api",
								"v1",
								"beneficio",
								"participante",
								"documento",
								"inserir"
							]
						},
						"description": "Insere documentos de um participante"
					},
					"response": []
				},
				{
					"name": "GetDocumentosParticipanteByInscricao",
					"request": {
						"method": "GET",
						"header": [
							{
								"key": "Accept",
								"value": "application/json"
							},
							{
								"key": "Authorization",
								"value": "{{Authorization}}"
							}
						],
						"body": {},
						"url": {
							"raw": "{{hostname}}/api/v1/beneficio/participante/documentos?inscricao={{inscricao}}&codigoPlano={{codigoPlano}}&codigoInstituidor={{codigoInstituidor}}",
							"host": [
								"{{hostname}}"
							],
							"path": [
								"api",
								"v1",
								"beneficio",
								"participante",
								"documentos"
							],
							"query": [
								{
									"key": "inscricao",
									"value": "{{inscricao}}"
								},
								{
									"key": "codigoPlano",
									"value": "{{codigoPlano}}"
								},
								{
									"key": "codigoInstituidor",
									"value": "{{codigoInstituidor}}"
								}
							]
						},
						"description": "Retorna todos os documentos do participante de Inscrição passada no parâmetro."
					},
					"response": []
				},
				{
					"name": "GetEmpregador",
					"request": {
						"method": "GET",
						"header": [
							{
								"key": "Accept",
								"value": "application/json"
							},
							{
								"key": "Authorization",
								"value": "{{Authorization}}"
							}
						],
						"body": {},
						"url": {
							"raw": "{{hostname}}/api/v1/beneficio/participante/empregador?cnpjEmpregador={{cnpjEmpregador}}",
							"host": [
								"{{hostname}}"
							],
							"path": [
								"api",
								"v1",
								"beneficio",
								"participante",
								"empregador"
							],
							"query": [
								{
									"key": "cnpjEmpregador",
									"value": "{{cnpjEmpregador}}"
								}
							]
						},
						"description": "Retorna os dados do Empregador"
					},
					"response": []
				},
				{
					"name": "GetEntradasPortabilidade",
					"request": {
						"method": "GET",
						"header": [
							{
								"key": "Accept",
								"value": "application/json"
							},
							{
								"key": "Authorization",
								"value": "{{Authorization}}"
							}
						],
						"body": {},
						"url": {
							"raw": "{{hostname}}/api/v1/beneficio/participante/entradaPortabilidade?nome={{nome}}&dataInicioSolicitacao={{dataInicioSolicitacao}}&dataInicioCredito={{dataInicioCredito}}&codigoPlano={{codigoPlano}}&cpf={{cpf}}&dataFimSolicitacao={{dataFimSolicitacao}}&inscricao={{inscricao}}&numeroPostoAtendimento={{numeroPostoAtendimento}}&situacao={{situacao}}&dataFimCredito={{dataFimCredito}}&codigoInstituidor={{codigoInstituidor}}",
							"host": [
								"{{hostname}}"
							],
							"path": [
								"api",
								"v1",
								"beneficio",
								"participante",
								"entradaPortabilidade"
							],
							"query": [
								{
									"key": "nome",
									"value": "{{nome}}"
								},
								{
									"key": "dataInicioSolicitacao",
									"value": "{{dataInicioSolicitacao}}"
								},
								{
									"key": "dataInicioCredito",
									"value": "{{dataInicioCredito}}"
								},
								{
									"key": "codigoPlano",
									"value": "{{codigoPlano}}"
								},
								{
									"key": "cpf",
									"value": "{{cpf}}"
								},
								{
									"key": "dataFimSolicitacao",
									"value": "{{dataFimSolicitacao}}"
								},
								{
									"key": "inscricao",
									"value": "{{inscricao}}"
								},
								{
									"key": "numeroPostoAtendimento",
									"value": "{{numeroPostoAtendimento}}"
								},
								{
									"key": "situacao",
									"value": "{{situacao}}"
								},
								{
									"key": "dataFimCredito",
									"value": "{{dataFimCredito}}"
								},
								{
									"key": "codigoInstituidor",
									"value": "{{codigoInstituidor}}"
								}
							]
						},
						"description": "Retorna a relação das Entradas de Portabilidades de uma adesão, filtradas pelos parâmetros passados na URL."
					},
					"response": []
				},
				{
					"name": "GetAcompanhamentoMetasPortabilidade",
					"request": {
						"method": "GET",
						"header": [
							{
								"key": "Accept",
								"value": "application/json"
							},
							{
								"key": "Authorization",
								"value": "{{Authorization}}"
							}
						],
						"body": {},
						"url": {
							"raw": "{{hostname}}/api/v1/beneficio/participante/entradaPortabilidade/acompanhamentoMetas?dataInicial={{dataInicial}}&numeroPostoAtendimento={{numeroPostoAtendimento}}&dataFinal={{dataFinal}}&codigoPlano={{codigoPlano}}&codigoInstituidor={{codigoInstituidor}}",
							"host": [
								"{{hostname}}"
							],
							"path": [
								"api",
								"v1",
								"beneficio",
								"participante",
								"entradaPortabilidade",
								"acompanhamentoMetas"
							],
							"query": [
								{
									"key": "dataInicial",
									"value": "{{dataInicial}}"
								},
								{
									"key": "numeroPostoAtendimento",
									"value": "{{numeroPostoAtendimento}}"
								},
								{
									"key": "dataFinal",
									"value": "{{dataFinal}}"
								},
								{
									"key": "codigoPlano",
									"value": "{{codigoPlano}}"
								},
								{
									"key": "codigoInstituidor",
									"value": "{{codigoInstituidor}}"
								}
							]
						},
						"description": "Retorna sinteticamente as entradas de portabilidade para relatório de acompanhamento de metas."
					},
					"response": []
				},
				{
					"name": "InsertEntradaPortabilidade",
					"request": {
						"method": "PUT",
						"header": [
							{
								"key": "Accept",
								"value": "application/json"
							},
							{
								"key": "Authorization",
								"value": "{{Authorization}}"
							}
						],
						"body": {
							"mode": "raw",
							"raw": "{\n    \"inscricaoQuanta\": \"22577\",\n    \"codigoPlano\": 2,\n    \"codigoInstituidor\": 1,\n    \"numeroPostoAtendimento\": 234,\n    \"nomeAngariador\": \"Nome da Angariador\",\n    \"codigoAngariador\": 234,\n    \"nomeEntidadeCedente\": \"Nome da Entidade Cedente\",\n    \"cnpjEntidadeCedente\": \"23423423423423\",\n    \"nomePlano\": \"Nome do Plano Cedente\",\n    \"tipoPlano\": \"PGBL\",\n    \"codigoSusep\": \"87234234\",\n    \"cnpjFundo\": \"2342342424\",\n    \"regimeImpostoRenda\": \"Progressivo\",\n    \"matriculaEntidadeCedente\": \"23489\",\n    \"dataAdesaoEntidadCedente\": \"2000-01-31T00:00:00\",\n    \"dataOpcaoEntidadeCedente\": \"2000-01-31T00:00:00\",\n    \"observacoes\": \"observações da portabilidade...\",\n    \"pendente\": true,\n    \"userName\": \"nomeUsuarioSOP\"\n}"
						},
						"url": {
							"raw": "{{hostname}}/api/v1/beneficio/participante/entradaPortabilidade/inserir",
							"host": [
								"{{hostname}}"
							],
							"path": [
								"api",
								"v1",
								"beneficio",
								"participante",
								"entradaPortabilidade",
								"inserir"
							]
						},
						"description": "Insere uma solicitação de Entrada de Portabilidade no sistema."
					},
					"response": []
				},
				{
					"name": "GetEntradasPortabilidadeSintetico",
					"request": {
						"method": "GET",
						"header": [
							{
								"key": "Accept",
								"value": "application/json"
							},
							{
								"key": "Authorization",
								"value": "{{Authorization}}"
							}
						],
						"body": {},
						"url": {
							"raw": "{{hostname}}/api/v1/beneficio/participante/entradaPortabilidadeSintetico?nome={{nome}}&dataInicioSolicitacao={{dataInicioSolicitacao}}&dataInicioCredito={{dataInicioCredito}}&codigoPlano={{codigoPlano}}&cpf={{cpf}}&dataFimSolicitacao={{dataFimSolicitacao}}&inscricao={{inscricao}}&numeroPostoAtendimento={{numeroPostoAtendimento}}&dataFimCredito={{dataFimCredito}}&codigoInstituidor={{codigoInstituidor}}",
							"host": [
								"{{hostname}}"
							],
							"path": [
								"api",
								"v1",
								"beneficio",
								"participante",
								"entradaPortabilidadeSintetico"
							],
							"query": [
								{
									"key": "nome",
									"value": "{{nome}}"
								},
								{
									"key": "dataInicioSolicitacao",
									"value": "{{dataInicioSolicitacao}}"
								},
								{
									"key": "dataInicioCredito",
									"value": "{{dataInicioCredito}}"
								},
								{
									"key": "codigoPlano",
									"value": "{{codigoPlano}}"
								},
								{
									"key": "cpf",
									"value": "{{cpf}}"
								},
								{
									"key": "dataFimSolicitacao",
									"value": "{{dataFimSolicitacao}}"
								},
								{
									"key": "inscricao",
									"value": "{{inscricao}}"
								},
								{
									"key": "numeroPostoAtendimento",
									"value": "{{numeroPostoAtendimento}}"
								},
								{
									"key": "dataFimCredito",
									"value": "{{dataFimCredito}}"
								},
								{
									"key": "codigoInstituidor",
									"value": "{{codigoInstituidor}}"
								}
							]
						},
						"description": "Retorna uma relação sintética das Entradas de Portabilidades, filtradas pelos parâmetros passados na URL"
					},
					"response": []
				},
				{
					"name": "GetExtratoContribuicoes",
					"request": {
						"method": "GET",
						"header": [
							{
								"key": "Accept",
								"value": "application/json"
							},
							{
								"key": "Authorization",
								"value": "{{Authorization}}"
							}
						],
						"body": {},
						"url": {
							"raw": "{{hostname}}/api/v1/beneficio/participante/extratoContribuicoes?dataCompetenciaInicial={{dataCompetenciaInicial}}&dataPagamentoInicial={{dataPagamentoInicial}}&codigoPlano={{codigoPlano}}&dataCompetenciaFinal={{dataCompetenciaFinal}}&tipoParcela={{tipoParcela}}&inscricao={{inscricao}}&dataPagamentoFinal={{dataPagamentoFinal}}&tipoPagamento={{tipoPagamento}}&codigoInstituidor={{codigoInstituidor}}",
							"host": [
								"{{hostname}}"
							],
							"path": [
								"api",
								"v1",
								"beneficio",
								"participante",
								"extratoContribuicoes"
							],
							"query": [
								{
									"key": "dataCompetenciaInicial",
									"value": "{{dataCompetenciaInicial}}"
								},
								{
									"key": "dataPagamentoInicial",
									"value": "{{dataPagamentoInicial}}"
								},
								{
									"key": "codigoPlano",
									"value": "{{codigoPlano}}"
								},
								{
									"key": "dataCompetenciaFinal",
									"value": "{{dataCompetenciaFinal}}"
								},
								{
									"key": "tipoParcela",
									"value": "{{tipoParcela}}"
								},
								{
									"key": "inscricao",
									"value": "{{inscricao}}"
								},
								{
									"key": "dataPagamentoFinal",
									"value": "{{dataPagamentoFinal}}"
								},
								{
									"key": "tipoPagamento",
									"value": "{{tipoPagamento}}"
								},
								{
									"key": "codigoInstituidor",
									"value": "{{codigoInstituidor}}"
								}
							]
						},
						"description": "Retorna as contribuições do participante para geração do extrato de contribuições."
					},
					"response": []
				},
				{
					"name": "GetExtratoDetalhado",
					"request": {
						"method": "GET",
						"header": [
							{
								"key": "Accept",
								"value": "application/json"
							},
							{
								"key": "Authorization",
								"value": "{{Authorization}}"
							}
						],
						"body": {},
						"url": {
							"raw": "{{hostname}}/api/v1/beneficio/participante/extratoDetalhado?inscricao={{inscricao}}&dataCompetenciaInicial={{dataCompetenciaInicial}}&codigoPlano={{codigoPlano}}&dataCompetenciaFinal={{dataCompetenciaFinal}}",
							"host": [
								"{{hostname}}"
							],
							"path": [
								"api",
								"v1",
								"beneficio",
								"participante",
								"extratoDetalhado"
							],
							"query": [
								{
									"key": "inscricao",
									"value": "{{inscricao}}"
								},
								{
									"key": "dataCompetenciaInicial",
									"value": "{{dataCompetenciaInicial}}"
								},
								{
									"key": "codigoPlano",
									"value": "{{codigoPlano}}"
								},
								{
									"key": "dataCompetenciaFinal",
									"value": "{{dataCompetenciaFinal}}"
								}
							]
						},
						"description": "Exibe um extrato detalhado do Participante"
					},
					"response": []
				},
				{
					"name": "GetExtratoResgate",
					"request": {
						"method": "GET",
						"header": [
							{
								"key": "Accept",
								"value": "application/json"
							},
							{
								"key": "Authorization",
								"value": "{{Authorization}}"
							}
						],
						"body": {},
						"url": {
							"raw": "{{hostname}}/api/v1/beneficio/participante/extratoResgate?inscricao={{inscricao}}&dataReferencia={{dataReferencia}}&codigoInstituidor={{codigoInstituidor}}&codigoplano={{codigoplano}}",
							"host": [
								"{{hostname}}"
							],
							"path": [
								"api",
								"v1",
								"beneficio",
								"participante",
								"extratoResgate"
							],
							"query": [
								{
									"key": "inscricao",
									"value": "{{inscricao}}"
								},
								{
									"key": "dataReferencia",
									"value": "{{dataReferencia}}"
								},
								{
									"key": "codigoInstituidor",
									"value": "{{codigoInstituidor}}"
								},
								{
									"key": "codigoplano",
									"value": "{{codigoplano}}"
								}
							]
						},
						"description": "Retorna as parcelas regressivas/progressivas do participante para geração do extrato de resgate."
					},
					"response": []
				},
				{
					"name": "GetFormaPagamentoByInscricao",
					"request": {
						"method": "GET",
						"header": [
							{
								"key": "Accept",
								"value": "application/json"
							},
							{
								"key": "Authorization",
								"value": "{{Authorization}}"
							}
						],
						"body": {},
						"url": {
							"raw": "{{hostname}}/api/v1/beneficio/participante/formaPagamento?inscricao={{inscricao}}&codigoPlano={{codigoPlano}}&codigoInstituidor={{codigoInstituidor}}",
							"host": [
								"{{hostname}}"
							],
							"path": [
								"api",
								"v1",
								"beneficio",
								"participante",
								"formaPagamento"
							],
							"query": [
								{
									"key": "inscricao",
									"value": "{{inscricao}}"
								},
								{
									"key": "codigoPlano",
									"value": "{{codigoPlano}}"
								},
								{
									"key": "codigoInstituidor",
									"value": "{{codigoInstituidor}}"
								}
							]
						},
						"description": "Retorna a forma de pagamento das contribuições da adesão do participante, filtrada pela inscrição informada na URL."
					},
					"response": []
				},
				{
					"name": "UpdateFormaPagamento",
					"request": {
						"method": "POST",
						"header": [
							{
								"key": "Accept",
								"value": "application/json"
							},
							{
								"key": "Authorization",
								"value": "{{Authorization}}"
							}
						],
						"body": {
							"mode": "raw",
							"raw": "{\n    \"inscricaoQuanta\": \"234324\",\n    \"codigoPlano\": 2,\n    \"diaVencimento\": 15,\n    \"descricaoFormaPagamento\": \"Débito em Conta\",\n    \"nomeCorrentista\": \"Nome do Correntista para Débito em Conta\",\n    \"cpfCorrentista\": \"12345678900\",\n    \"cnpjCorrentista\": \"12345678901234\",\n    \"codigoBanco\": \"001\",\n    \"codigoAgencia\": \"3025\",\n    \"digitoAgencia\": \"8\",\n    \"numeroConta\": \"123456\",\n    \"digitoConta\": \"2\",\n    \"tipoContaBancaria\": \"Corrente\",\n    \"nomeInstituicaoDescontoFolha\": \"\",\n    \"userName\": \"nomeUsuarioSOP\"\n}"
						},
						"url": {
							"raw": "{{hostname}}/api/v1/beneficio/participante/formaPagamento/alterar",
							"host": [
								"{{hostname}}"
							],
							"path": [
								"api",
								"v1",
								"beneficio",
								"participante",
								"formaPagamento",
								"alterar"
							]
						},
						"description": "Altera a Forma de Pagamento das contribuições de um participante."
					},
					"response": []
				},
				{
					"name": "UpdateFormaPagamentoParticipantesByEmpresa",
					"request": {
						"method": "PUT",
						"header": [
							{
								"key": "Accept",
								"value": "application/json"
							},
							{
								"key": "Authorization",
								"value": "{{Authorization}}"
							}
						],
						"body": {
							"mode": "raw",
							"raw": "{\n    \"cnpjEmpregador\": \"01605875000140\",\n    \"contratoEmpregador\": 900,\n    \"username\": \"usuario\",\n    \"contribuicoesEmpresa\": [\n        null\n    ]\n}"
						},
						"url": {
							"raw": "{{hostname}}/api/v1/beneficio/participante/formaPagamentoParticipantesByEmpresa/alterar",
							"host": [
								"{{hostname}}"
							],
							"path": [
								"api",
								"v1",
								"beneficio",
								"participante",
								"formaPagamentoParticipantesByEmpresa",
								"alterar"
							]
						},
						"description": "Insere um novo aporte empregador com o novo valor, encerrando o anterior."
					},
					"response": []
				},
				{
					"name": "GetFormaPagamentoRiscoByInscricao",
					"request": {
						"method": "GET",
						"header": [
							{
								"key": "Accept",
								"value": "application/json"
							},
							{
								"key": "Authorization",
								"value": "{{Authorization}}"
							}
						],
						"body": {},
						"url": {
							"raw": "{{hostname}}/api/v1/beneficio/participante/formaPagamentoRisco?inscricao={{inscricao}}&codigoPlano={{codigoPlano}}&codigoInstituidor={{codigoInstituidor}}",
							"host": [
								"{{hostname}}"
							],
							"path": [
								"api",
								"v1",
								"beneficio",
								"participante",
								"formaPagamentoRisco"
							],
							"query": [
								{
									"key": "inscricao",
									"value": "{{inscricao}}"
								},
								{
									"key": "codigoPlano",
									"value": "{{codigoPlano}}"
								},
								{
									"key": "codigoInstituidor",
									"value": "{{codigoInstituidor}}"
								}
							]
						},
						"description": "Retorna a forma de pagamento das contribuições de risco do participante."
					},
					"response": []
				},
				{
					"name": "UpdateFormaPagamentoRisco",
					"request": {
						"method": "POST",
						"header": [
							{
								"key": "Accept",
								"value": "application/json"
							},
							{
								"key": "Authorization",
								"value": "{{Authorization}}"
							}
						],
						"body": {
							"mode": "raw",
							"raw": "{\n    \"inscricaoQuanta\": \"73731\",\n    \"codigoPlano\": 1,\n    \"diaVencimento\": 25,\n    \"descricaoFormaPagamento\": \"Boleto Bancário\",\n    \"identificadorPropostaRiscoSeguradora\": \"105250005\",\n    \"responsavelProdutoRisco\": \"Participante\",\n    \"nomeCorrentista\": null,\n    \"cpfCorrentista\": null,\n    \"cnpjCorrentista\": null,\n    \"codigoBanco\": null,\n    \"codigoAgencia\": null,\n    \"digitoAgencia\": null,\n    \"numeroConta\": null,\n    \"digitoConta\": null,\n    \"tipoContaBancaria\": null,\n    \"nomeInstituicaoDescontoFolha\": null,\n    \"userName\": \"Nome do Usuário\"\n}"
						},
						"url": {
							"raw": "{{hostname}}/api/v1/beneficio/participante/formaPagamentoRisco/alterar",
							"host": [
								"{{hostname}}"
							],
							"path": [
								"api",
								"v1",
								"beneficio",
								"participante",
								"formaPagamentoRisco",
								"alterar"
							]
						},
						"description": "Altera a Forma de Pagamento das contribuições de risco de um participante."
					},
					"response": []
				},
				{
					"name": "GerarBoletoParcelasAVencer",
					"request": {
						"method": "POST",
						"header": [
							{
								"key": "Accept",
								"value": "application/json"
							},
							{
								"key": "Authorization",
								"value": "{{Authorization}}"
							}
						],
						"body": {
							"mode": "raw",
							"raw": "{\n    \"inscricao\": \"3714\",\n    \"cpf\": \"27347519898\",\n    \"codigoInstituidor\": \"1\",\n    \"codigoPlano\": \"1\",\n    \"idParcela\": 865946\n}"
						},
						"url": {
							"raw": "{{hostname}}/api/v1/beneficio/participante/gerarBoletoParcelasAVencer",
							"host": [
								"{{hostname}}"
							],
							"path": [
								"api",
								"v1",
								"beneficio",
								"participante",
								"gerarBoletoParcelasAVencer"
							]
						},
						"description": "Envia um boleto de parcela a vencer por e-mail"
					},
					"response": []
				},
				{
					"name": "GerarBoletoParcelasVencidas",
					"request": {
						"method": "POST",
						"header": [
							{
								"key": "Accept",
								"value": "application/json"
							},
							{
								"key": "Authorization",
								"value": "{{Authorization}}"
							}
						],
						"body": {
							"mode": "raw",
							"raw": "{\n    \"inscricao\": \"3714\",\n    \"cpf\": \"27347519898\",\n    \"codigoInstituidor\": \"1\",\n    \"codigoPlano\": \"1\",\n    \"idParcela\": 865946\n}"
						},
						"url": {
							"raw": "{{hostname}}/api/v1/beneficio/participante/gerarBoletoParcelasVencidas",
							"host": [
								"{{hostname}}"
							],
							"path": [
								"api",
								"v1",
								"beneficio",
								"participante",
								"gerarBoletoParcelasVencidas"
							]
						},
						"description": "Envia um boleto de parcela vencida"
					},
					"response": []
				},
				{
					"name": "InsertCobrancaAporteEmpregador",
					"request": {
						"method": "PUT",
						"header": [
							{
								"key": "Accept",
								"value": "application/json"
							},
							{
								"key": "Authorization",
								"value": "{{Authorization}}"
							}
						],
						"body": {
							"mode": "raw",
							"raw": "{\n    \"identificadorVencimento\": \"2011\",\n    \"inscricoesQuanta\": \"unknown type: array,null\",\n    \"userName\": \"WSPEQ\"\n}"
						},
						"url": {
							"raw": "{{hostname}}/api/v1/beneficio/participante/gerarCobrancaAporteEmpregador/inserir",
							"host": [
								"{{hostname}}"
							],
							"path": [
								"api",
								"v1",
								"beneficio",
								"participante",
								"gerarCobrancaAporteEmpregador",
								"inserir"
							]
						},
						"description": "Gera cobrança(s) de Aporte empregador"
					},
					"response": []
				},
				{
					"name": "InsertCobrancaDescontoFolha",
					"request": {
						"method": "PUT",
						"header": [
							{
								"key": "Accept",
								"value": "application/json"
							},
							{
								"key": "Authorization",
								"value": "{{Authorization}}"
							}
						],
						"body": {
							"mode": "raw",
							"raw": "{\n    \"identificadorVencimento\": \"2011\",\n    \"inscricoesQuanta\": \"unknown type: array,null\",\n    \"userName\": \"WSPEQ\"\n}"
						},
						"url": {
							"raw": "{{hostname}}/api/v1/beneficio/participante/gerarCobrancaDescontoFolha/inserir",
							"host": [
								"{{hostname}}"
							],
							"path": [
								"api",
								"v1",
								"beneficio",
								"participante",
								"gerarCobrancaDescontoFolha",
								"inserir"
							]
						},
						"description": "Gera cobrança(s) de contribuições básicas"
					},
					"response": []
				},
				{
					"name": "InsertCobrancaRiscoEmpregador",
					"request": {
						"method": "PUT",
						"header": [
							{
								"key": "Accept",
								"value": "application/json"
							},
							{
								"key": "Authorization",
								"value": "{{Authorization}}"
							}
						],
						"body": {
							"mode": "raw",
							"raw": "{\n    \"identificadorVencimento\": \"2011\",\n    \"inscricoesQuanta\": \"unknown type: array,null\",\n    \"userName\": \"WSPEQ\"\n}"
						},
						"url": {
							"raw": "{{hostname}}/api/v1/beneficio/participante/gerarCobrancaRiscoEmpregador/inserir",
							"host": [
								"{{hostname}}"
							],
							"path": [
								"api",
								"v1",
								"beneficio",
								"participante",
								"gerarCobrancaRiscoEmpregador",
								"inserir"
							]
						},
						"description": "Gera cobrança(s) de risco."
					},
					"response": []
				},
				{
					"name": "GerarInformeRendimentos",
					"request": {
						"method": "POST",
						"header": [
							{
								"key": "Accept",
								"value": "application/json"
							},
							{
								"key": "Authorization",
								"value": "{{Authorization}}"
							}
						],
						"body": {
							"mode": "raw",
							"raw": "{\n    \"inscricao\": \"3714\",\n    \"cpf\": \"27347519898\",\n    \"codigoInstituidor\": \"1\",\n    \"codigoPlano\": \"1\",\n    \"ano\": 2016\n}"
						},
						"url": {
							"raw": "{{hostname}}/api/v1/beneficio/participante/gerarInformeRendimentos",
							"host": [
								"{{hostname}}"
							],
							"path": [
								"api",
								"v1",
								"beneficio",
								"participante",
								"gerarInformeRendimentos"
							]
						},
						"description": "Envia um informe de rendimentos para o e-mail do participante"
					},
					"response": []
				},
				{
					"name": "GetInadimplentesByCpfNomeInscricao",
					"request": {
						"method": "GET",
						"header": [
							{
								"key": "Accept",
								"value": "application/json"
							},
							{
								"key": "Authorization",
								"value": "{{Authorization}}"
							}
						],
						"body": {},
						"url": {
							"raw": "{{hostname}}/api/v1/beneficio/participante/inadimplentes?nome={{nome}}&codigoPlano={{codigoPlano}}&cpf={{cpf}}&inscricao={{inscricao}}&cnpjEmpregador={{cnpjEmpregador}}&codigoInstituidor={{codigoInstituidor}}",
							"host": [
								"{{hostname}}"
							],
							"path": [
								"api",
								"v1",
								"beneficio",
								"participante",
								"inadimplentes"
							],
							"query": [
								{
									"key": "nome",
									"value": "{{nome}}"
								},
								{
									"key": "codigoPlano",
									"value": "{{codigoPlano}}"
								},
								{
									"key": "cpf",
									"value": "{{cpf}}"
								},
								{
									"key": "inscricao",
									"value": "{{inscricao}}"
								},
								{
									"key": "cnpjEmpregador",
									"value": "{{cnpjEmpregador}}"
								},
								{
									"key": "codigoInstituidor",
									"value": "{{codigoInstituidor}}"
								}
							]
						},
						"description": "Retorna as parcelas inadimplentes do participante passado como parâmetro na URL."
					},
					"response": []
				},
				{
					"name": "UpdateInadimplentes",
					"request": {
						"method": "POST",
						"header": [
							{
								"key": "Accept",
								"value": "application/json"
							},
							{
								"key": "Authorization",
								"value": "{{Authorization}}"
							}
						],
						"body": {
							"mode": "raw",
							"raw": "{\n    \"inscricaoQuanta\": \"234324\",\n    \"codigoPlano\": 2,\n    \"parcelasInadimplentes\": [\n        null\n    ]\n}"
						},
						"url": {
							"raw": "{{hostname}}/api/v1/beneficio/participante/inadimplentes/alterar",
							"host": [
								"{{hostname}}"
							],
							"path": [
								"api",
								"v1",
								"beneficio",
								"participante",
								"inadimplentes",
								"alterar"
							]
						},
						"description": "Atualizar as parcelas inadimplentes"
					},
					"response": []
				},
				{
					"name": "GetAnosInformeRendimento",
					"request": {
						"method": "GET",
						"header": [
							{
								"key": "Accept",
								"value": "application/json"
							},
							{
								"key": "Authorization",
								"value": "{{Authorization}}"
							}
						],
						"body": {},
						"url": {
							"raw": "{{hostname}}/api/v1/beneficio/participante/informeRendimento/anos?cpf={{cpf}}",
							"host": [
								"{{hostname}}"
							],
							"path": [
								"api",
								"v1",
								"beneficio",
								"participante",
								"informeRendimento",
								"anos"
							],
							"query": [
								{
									"key": "cpf",
									"value": "{{cpf}}"
								}
							]
						},
						"description": "Retorna os anos que o participante teve contribuições para o Informe de Rendimento"
					},
					"response": []
				},
				{
					"name": "GetInformeRendimentosByInscricao",
					"request": {
						"method": "GET",
						"header": [
							{
								"key": "Accept",
								"value": "application/json"
							},
							{
								"key": "Authorization",
								"value": "{{Authorization}}"
							}
						],
						"body": {},
						"url": {
							"raw": "{{hostname}}/api/v1/beneficio/participante/informeRendimentos?inscricao={{inscricao}}&codigoPlano={{codigoPlano}}&anoCompetencia={{anoCompetencia}}",
							"host": [
								"{{hostname}}"
							],
							"path": [
								"api",
								"v1",
								"beneficio",
								"participante",
								"informeRendimentos"
							],
							"query": [
								{
									"key": "inscricao",
									"value": "{{inscricao}}"
								},
								{
									"key": "codigoPlano",
									"value": "{{codigoPlano}}"
								},
								{
									"key": "anoCompetencia",
									"value": "{{anoCompetencia}}"
								}
							]
						},
						"description": "Retorna uma array de byte do Informe de Rendimento"
					},
					"response": []
				},
				{
					"name": "GetParcelasAVencer",
					"request": {
						"method": "GET",
						"header": [
							{
								"key": "Accept",
								"value": "application/json"
							},
							{
								"key": "Authorization",
								"value": "{{Authorization}}"
							}
						],
						"body": {},
						"url": {
							"raw": "{{hostname}}/api/v1/beneficio/participante/parcelasAVencer?inscricao={{inscricao}}&cpf={{cpf}}&codigoInstituidor={{codigoInstituidor}}&codigoplano={{codigoplano}}",
							"host": [
								"{{hostname}}"
							],
							"path": [
								"api",
								"v1",
								"beneficio",
								"participante",
								"parcelasAVencer"
							],
							"query": [
								{
									"key": "inscricao",
									"value": "{{inscricao}}"
								},
								{
									"key": "cpf",
									"value": "{{cpf}}"
								},
								{
									"key": "codigoInstituidor",
									"value": "{{codigoInstituidor}}"
								},
								{
									"key": "codigoplano",
									"value": "{{codigoplano}}"
								}
							]
						},
						"description": "Retorna as parcelas a vencer."
					},
					"response": []
				},
				{
					"name": "GetParcelasVencidas",
					"request": {
						"method": "GET",
						"header": [
							{
								"key": "Accept",
								"value": "application/json"
							},
							{
								"key": "Authorization",
								"value": "{{Authorization}}"
							}
						],
						"body": {},
						"url": {
							"raw": "{{hostname}}/api/v1/beneficio/participante/parcelasVencidas?inscricao={{inscricao}}&cpf={{cpf}}&codigoInstituidor={{codigoInstituidor}}&codigoplano={{codigoplano}}",
							"host": [
								"{{hostname}}"
							],
							"path": [
								"api",
								"v1",
								"beneficio",
								"participante",
								"parcelasVencidas"
							],
							"query": [
								{
									"key": "inscricao",
									"value": "{{inscricao}}"
								},
								{
									"key": "cpf",
									"value": "{{cpf}}"
								},
								{
									"key": "codigoInstituidor",
									"value": "{{codigoInstituidor}}"
								},
								{
									"key": "codigoplano",
									"value": "{{codigoplano}}"
								}
							]
						},
						"description": "Retorna as parcelas vencidas."
					},
					"response": []
				},
				{
					"name": "GetParticipantesByEmpresa",
					"request": {
						"method": "GET",
						"header": [
							{
								"key": "Accept",
								"value": "application/json"
							},
							{
								"key": "Authorization",
								"value": "{{Authorization}}"
							}
						],
						"body": {},
						"url": {
							"raw": "{{hostname}}/api/v1/beneficio/participante/participantesByEmpresa?status={{status}}&cnpj={{cnpj}}&codigoContrato={{codigoContrato}}&competencia={{competencia}}",
							"host": [
								"{{hostname}}"
							],
							"path": [
								"api",
								"v1",
								"beneficio",
								"participante",
								"participantesByEmpresa"
							],
							"query": [
								{
									"key": "status",
									"value": "{{status}}"
								},
								{
									"key": "cnpj",
									"value": "{{cnpj}}"
								},
								{
									"key": "codigoContrato",
									"value": "{{codigoContrato}}"
								},
								{
									"key": "competencia",
									"value": "{{competencia}}"
								}
							]
						},
						"description": "Retorna os participantes de uma determinada empresa e as contribuições onde o responsável financeiro é a empresa."
					},
					"response": []
				},
				{
					"name": "GetHistoricoPerfilInvestimentoByInscricao",
					"request": {
						"method": "GET",
						"header": [
							{
								"key": "Accept",
								"value": "application/json"
							},
							{
								"key": "Authorization",
								"value": "{{Authorization}}"
							}
						],
						"body": {},
						"url": {
							"raw": "{{hostname}}/api/v1/beneficio/participante/perfilInvestimento?inscricao={{inscricao}}&codigoPlano={{codigoPlano}}&codigoInstituidor={{codigoInstituidor}}",
							"host": [
								"{{hostname}}"
							],
							"path": [
								"api",
								"v1",
								"beneficio",
								"participante",
								"perfilInvestimento"
							],
							"query": [
								{
									"key": "inscricao",
									"value": "{{inscricao}}"
								},
								{
									"key": "codigoPlano",
									"value": "{{codigoPlano}}"
								},
								{
									"key": "codigoInstituidor",
									"value": "{{codigoInstituidor}}"
								}
							]
						},
						"description": "Retorna a relação de históricos de alteração de perfil de investimento pela inscrição informada na URL"
					},
					"response": []
				},
				{
					"name": "UpdatePerfilInvestimento",
					"request": {
						"method": "POST",
						"header": [
							{
								"key": "Accept",
								"value": "application/json"
							},
							{
								"key": "Authorization",
								"value": "{{Authorization}}"
							}
						],
						"body": {
							"mode": "raw",
							"raw": "{\n    \"inscricaoQuanta\": \"12334\",\n    \"codigoPlano\": 2,\n    \"dataSolicitacaoAlteracao\": \"2015-02-01T00:00:00\",\n    \"competenciaAlteracao\": \"2015-03-01T00:00:00\",\n    \"nomePerfilInvestimento\": \"Arrojado\",\n    \"userName\": \"NomeUsuarioSOP\"\n}"
						},
						"url": {
							"raw": "{{hostname}}/api/v1/beneficio/participante/perfilInvestimento/alterar",
							"host": [
								"{{hostname}}"
							],
							"path": [
								"api",
								"v1",
								"beneficio",
								"participante",
								"perfilInvestimento",
								"alterar"
							]
						},
						"description": "Altera o Perfil de Investimento do Participante."
					},
					"response": []
				},
				{
					"name": "GetPlanosParticipante",
					"request": {
						"method": "GET",
						"header": [
							{
								"key": "Accept",
								"value": "application/json"
							},
							{
								"key": "Authorization",
								"value": "{{Authorization}}"
							}
						],
						"body": {},
						"url": {
							"raw": "{{hostname}}/api/v1/beneficio/participante/planos?cpf={{cpf}}",
							"host": [
								"{{hostname}}"
							],
							"path": [
								"api",
								"v1",
								"beneficio",
								"participante",
								"planos"
							],
							"query": [
								{
									"key": "cpf",
									"value": "{{cpf}}"
								}
							]
						},
						"description": "Retornar os planos nos quais o participante aderiu."
					},
					"response": []
				},
				{
					"name": "UpdateContribuicoesProducaoDiaria",
					"request": {
						"method": "POST",
						"header": [
							{
								"key": "Accept",
								"value": "application/json"
							},
							{
								"key": "Authorization",
								"value": "{{Authorization}}"
							}
						],
						"body": {
							"mode": "raw",
							"raw": "{\n    \"producoes\": [\n        {\n            \"idLote\": \"123456\",\n            \"inscricaoQuanta\": \"50626\",\n            \"numeroDocumentoProducaoDiaria\": 60532,\n            \"dataPagamento\": \"2015-01-05T16:02:05\",\n            \"valorPago\": 105.62\n        }\n    ]\n}"
						},
						"url": {
							"raw": "{{hostname}}/api/v1/beneficio/participante/producaoDiaria/alterar",
							"host": [
								"{{hostname}}"
							],
							"path": [
								"api",
								"v1",
								"beneficio",
								"participante",
								"producaoDiaria",
								"alterar"
							]
						},
						"description": "Atualiza as contribuições debitadas nas contas dos participantes."
					},
					"response": []
				},
				{
					"name": "GetDadosContribuicoesProducaoDiaria",
					"request": {
						"method": "GET",
						"header": [
							{
								"key": "Accept",
								"value": "application/json"
							},
							{
								"key": "Authorization",
								"value": "{{Authorization}}"
							}
						],
						"body": {},
						"url": {
							"raw": "{{hostname}}/api/v1/beneficio/participante/producaoDiaria/consultar?numeros_documento={{numeros_documento}}",
							"host": [
								"{{hostname}}"
							],
							"path": [
								"api",
								"v1",
								"beneficio",
								"participante",
								"producaoDiaria",
								"consultar"
							],
							"query": [
								{
									"key": "numeros_documento",
									"value": "{{numeros_documento}}"
								}
							]
						},
						"description": "Retorna as informações das contribuições para o processo de produção diária filtrada por um array de números de documento."
					},
					"response": []
				},
				{
					"name": "GetProducaoDiariaFinanceira",
					"request": {
						"method": "GET",
						"header": [
							{
								"key": "Accept",
								"value": "application/json"
							},
							{
								"key": "Authorization",
								"value": "{{Authorization}}"
							}
						],
						"body": {},
						"url": {
							"raw": "{{hostname}}/api/v1/beneficio/participante/producaoDiariaFinanceira?dataInicial={{dataInicial}}&numeroPostoAtendimento={{numeroPostoAtendimento}}&dataFinal={{dataFinal}}&codigoInstituidor={{codigoInstituidor}}",
							"host": [
								"{{hostname}}"
							],
							"path": [
								"api",
								"v1",
								"beneficio",
								"participante",
								"producaoDiariaFinanceira"
							],
							"query": [
								{
									"key": "dataInicial",
									"value": "{{dataInicial}}"
								},
								{
									"key": "numeroPostoAtendimento",
									"value": "{{numeroPostoAtendimento}}"
								},
								{
									"key": "dataFinal",
									"value": "{{dataFinal}}"
								},
								{
									"key": "codigoInstituidor",
									"value": "{{codigoInstituidor}}"
								}
							]
						},
						"description": "Retorna os registros para geração do relatório de Produção Diária Financeira."
					},
					"response": []
				},
				{
					"name": "InsertPropostaAdesao",
					"request": {
						"method": "PUT",
						"header": [
							{
								"key": "Accept",
								"value": "application/json"
							},
							{
								"key": "Authorization",
								"value": "{{Authorization}}"
							}
						],
						"body": {
							"mode": "raw",
							"raw": "{\n    \"nome\": \"Nome do Participante\",\n    \"cpf\": \"99999999999\",\n    \"dataNascimento\": \"1965-12-27T00:00:00\",\n    \"sexo\": \"Masc\",\n    \"nomeEstadoCivil\": \"Solteiro(a)\",\n    \"nomeCidadeNaturalidade\": \"São Paulo\",\n    \"siglaUFNaturalidade\": \"SP\",\n    \"nomePaisNacionalidade\": \"Brasil\",\n    \"codigoProfissao\": 1234,\n    \"nomeOcupacaoProfissional\": \"Médico\",\n    \"numeroPostoAtendimento\": \"Código do Posto Atendimento\",\n    \"politicamenteExposto\": \"S\",\n    \"filiacaoNomeMae\": \"Nome da Mãe do Participante\",\n    \"filiacaoNomePai\": \"Nome do Pai do Participante\",\n    \"nomeConjuge\": \"Nome do Conjuge\",\n    \"numeroDocumentoProducaoDiaria\": 1234,\n    \"vinculoInstituidor\": {\n        \"codigoInstituidor\": 1,\n        \"dataInicioVinculoInstituidor\": \"2000-01-01T00:00:00\",\n        \"dataFimVinculoInstituidor\": \"\",\n        \"matriculaInstituidor\": \"89234\"\n    },\n    \"vinculoEmpregador\": {\n        \"numeroContrato\": \"001\",\n        \"cnpjEmpregador\": \"53113791000122\",\n        \"dataInicioVinculoEmpregador\": \"2017-08-04T12:05:39\",\n        \"dataFimVinculoEmpregador\": null,\n        \"matriculaEmpregador\": null\n    },\n    \"adesao\": {\n        \"dataAdesao\": \"2009-08-01T00:00:00\",\n        \"cpfRepresentanteLegal\": \"11122233345\",\n        \"nomeRepresentanteLegal\": \"Nome do Representante Legal do Participante\",\n        \"cpfFuncionarioResponsavel\": \"58668425944\",\n        \"nomeFuncionarioResponsavel\": \"Nome do Reponsável Financeiro\",\n        \"idadeAposentadoria\": 70,\n        \"regimeIR\": \"Antecipada - Alíquotas Progressivas\",\n        \"nomePerfilInvestimento\": \"Conservador\",\n        \"rendaDeclarada\": 9485.9,\n        \"possuiOutroPlanoPrevidenciario\": \"SIM\",\n        \"possuiSeguroVidaOutraInstituicao\": \"NÃO\",\n        \"codigoAngariador\": 1,\n        \"nomeAngariador\": \"Nome do Angariador\",\n        \"origemAngariador\": \"RH ou Cooperativa\",\n        \"codigoPlano\": 2\n    },\n    \"contribuicaoPlano\": [\n        {\n            \"valor\": 879.9\n        }\n    ],\n    \"aporte\": \"unknown type: object,null\",\n    \"produtoRisco\": \"unknown type: object,null\",\n    \"dadosBancarios\": \"unknown type: array,null\",\n    \"formaPagamentoContribuicao\": {\n        \"diaVencimento\": \"15\",\n        \"descricaoFormaPagamento\": \"Débito em Conta\",\n        \"nomeCorrentista\": \"Nome do Correntista para Débito em Conta\",\n        \"cpfCorrentista\": \"12345678900\",\n        \"cnpjCorrentista\": \"12345678901234\",\n        \"codigoBanco\": \"001\",\n        \"codigoAgencia\": \"3025\",\n        \"digitoAgencia\": \"8\",\n        \"numeroConta\": \"123456\",\n        \"digitoConta\": \"2\",\n        \"tipoContaBancaria\": \"Corrente\",\n        \"nomeInstituicaoDescontoFolha\": \"\",\n        \"responsavelFinanceiro\": \"Funcionário\"\n    },\n    \"identidade\": \"unknown type: object,null\",\n    \"enderecos\": \"\",\n    \"contatos\": \"unknown type: array,null\",\n    \"dependentes\": \"unknown type: array,null\",\n    \"userName\": \"nomeUsuarioSOP\"\n}"
						},
						"url": {
							"raw": "{{hostname}}/api/v1/beneficio/participante/propostaAdesao/inserir",
							"host": [
								"{{hostname}}"
							],
							"path": [
								"api",
								"v1",
								"beneficio",
								"participante",
								"propostaAdesao",
								"inserir"
							]
						},
						"description": "Insere uma proposta de adesão de um participante."
					},
					"response": []
				},
				{
					"name": "UpdateStatusPropostaRisco",
					"request": {
						"method": "POST",
						"header": [
							{
								"key": "Accept",
								"value": "application/json"
							},
							{
								"key": "Authorization",
								"value": "{{Authorization}}"
							}
						],
						"body": {
							"mode": "raw",
							"raw": "{\n    \"produtosRisco\": [\n        {\n            \"inscricaoQuanta\": \"1234324\",\n            \"identificadorPropostaRiscoSeguradora\": 938382,\n            \"descricaoProdutoRisco\": \"Morte\",\n            \"descricaoStatus\": \"Pendente\",\n            \"dataStatus\": \"2014-08-01T10:32:12\",\n            \"numeroDocumentoProducaoDiaria\": 315120,\n            \"codigoPlano\": 1\n        }\n    ],\n    \"userName\": \"nomeUsuarioSOP\"\n}"
						},
						"url": {
							"raw": "{{hostname}}/api/v1/beneficio/participante/propostaRisco/atualizarStatus",
							"host": [
								"{{hostname}}"
							],
							"path": [
								"api",
								"v1",
								"beneficio",
								"participante",
								"propostaRisco",
								"atualizarStatus"
							]
						},
						"description": "Atualiza o Status das propostas de risco efetuadas pelo SOP."
					},
					"response": []
				},
				{
					"name": "InsertPropostaSuplementarRisco",
					"request": {
						"method": "PUT",
						"header": [
							{
								"key": "Accept",
								"value": "application/json"
							},
							{
								"key": "Authorization",
								"value": "{{Authorization}}"
							}
						],
						"body": {
							"mode": "raw",
							"raw": "{\n    \"inscricaoQuanta\": \"7\",\n    \"codigoPlano\": 4,\n    \"codigoModeloProposta\": null,\n    \"vencimento\": \"2017-08-10T00:00:00\",\n    \"produtoRisco\": {\n        \"identificadorPropostaRiscoSeguradora\": 105250011,\n        \"dataInscricao\": \"2017-08-10T00:00:00\",\n        \"responsavel\": \"Participante\",\n        \"dpsPositiva\": false,\n        \"numeroPostoAtendimento\": 1,\n        \"codigoAngariador\": 8584,\n        \"nomeAngariador\": \"Nome Angariador\",\n        \"origemAngariador\": \"RH ou Cooperativa\",\n        \"numeroDocumentoProducaoDiaria\": 325699,\n        \"responsavelFinanceiro\": \"Participante\",\n        \"formaPagamentoRisco\": {\n            \"diaVencimento\": 25,\n            \"descricaoFormaPagamento\": \"Boleto Bancário\",\n            \"nomeCorrentista\": null,\n            \"cpfCorrentista\": null,\n            \"cnpjCorrentista\": null,\n            \"codigoBanco\": null,\n            \"codigoAgencia\": null,\n            \"digitoAgencia\": null,\n            \"numeroConta\": null,\n            \"digitoConta\": null,\n            \"tipoContaBancaria\": null\n        },\n        \"riscos\": [\n            {\n                \"codigoProdutoRisco\": 10,\n                \"descricaoProdutoRisco\": \"Morte\",\n                \"valorContribuicao\": 40.58,\n                \"valorCapitalSegurado\": 122594.54,\n                \"responsavelFinanceiro\": \"Empregador\"\n            }\n        ]\n    },\n    \"userName\": \"quanta\"\n}"
						},
						"url": {
							"raw": "{{hostname}}/api/v1/beneficio/participante/propostaRisco/inserir",
							"host": [
								"{{hostname}}"
							],
							"path": [
								"api",
								"v1",
								"beneficio",
								"participante",
								"propostaRisco",
								"inserir"
							]
						},
						"description": "Insere proposta(s) suplementar(es) de risco na adesão do participante."
					},
					"response": []
				},
				{
					"name": "InsertPropostaSuplementarRiscoVinculado",
					"request": {
						"method": "PUT",
						"header": [
							{
								"key": "Accept",
								"value": "application/json"
							},
							{
								"key": "Authorization",
								"value": "{{Authorization}}"
							}
						],
						"body": {
							"mode": "raw",
							"raw": "{\n    \"inscricaoQuanta\": \"7\",\n    \"codigoPlano\": 4,\n    \"vencimento\": \"2017-08-10T00:00:00\",\n    \"codigoModeloProposta\": null,\n    \"produtoRisco\": {\n        \"identificadorPropostaRiscoSeguradora\": 105250011,\n        \"dataInscricao\": \"2017-08-10T00:00:00\",\n        \"responsavel\": \"Participante\",\n        \"dpsPositiva\": false,\n        \"numeroPostoAtendimento\": 1,\n        \"codigoAngariador\": 8584,\n        \"nomeAngariador\": \"Nome Angariador\",\n        \"numeroDocumentoProducaoDiaria\": 325699,\n        \"responsavelFinanceiro\": \"Participante\",\n        \"formaPagamentoRisco\": {\n            \"diaVencimento\": 25,\n            \"descricaoFormaPagamento\": \"Boleto Bacário\",\n            \"nomeCorrentista\": null,\n            \"cpfCorrentista\": null,\n            \"cnpjCorrentista\": null,\n            \"codigoBanco\": null,\n            \"codigoAgencia\": null,\n            \"digitoAgencia\": null,\n            \"numeroConta\": null,\n            \"digitoConta\": null,\n            \"tipoContaBancaria\": null\n        },\n        \"riscos\": [\n            {\n                \"descricaoProdutoRisco\": \"Morte\",\n                \"valorContribuicao\": 55,\n                \"valorCapitalSegurado\": 122594.54\n            }\n        ]\n    },\n    \"userName\": \"quanta\"\n}"
						},
						"url": {
							"raw": "{{hostname}}/api/v1/beneficio/participante/propostaRiscoVinculado/inserir",
							"host": [
								"{{hostname}}"
							],
							"path": [
								"api",
								"v1",
								"beneficio",
								"participante",
								"propostaRiscoVinculado",
								"inserir"
							]
						},
						"description": "Insere proposta(s) suplementar(es) de risco na adesão do participante vinculado."
					},
					"response": []
				},
				{
					"name": "GetSaldoParticipanteByInscricaoCpf",
					"request": {
						"method": "GET",
						"header": [
							{
								"key": "Accept",
								"value": "application/json"
							},
							{
								"key": "Authorization",
								"value": "{{Authorization}}"
							}
						],
						"body": {},
						"url": {
							"raw": "{{hostname}}/api/v1/beneficio/participante/saldoReserva?inscricao={{inscricao}}&codigoPlano={{codigoPlano}}&cpf={{cpf}}&data={{data}}&codigoInstituidor={{codigoInstituidor}}",
							"host": [
								"{{hostname}}"
							],
							"path": [
								"api",
								"v1",
								"beneficio",
								"participante",
								"saldoReserva"
							],
							"query": [
								{
									"key": "inscricao",
									"value": "{{inscricao}}"
								},
								{
									"key": "codigoPlano",
									"value": "{{codigoPlano}}"
								},
								{
									"key": "cpf",
									"value": "{{cpf}}"
								},
								{
									"key": "data",
									"value": "{{data}}"
								},
								{
									"key": "codigoInstituidor",
									"value": "{{codigoInstituidor}}"
								}
							]
						},
						"description": "Retornar o saldo da reserva da adesão do participante filtrado pelo identificador da adesão, CPF do participante e a data informados na URL.\n* O parâmetro de data não é obrigatório. Caso não seja informado, será retornado o último saldo do participante.\n* O parâmetro codigoPlano só é obrigatório para o plano PREVCOOP\n* Um dos campos a seguir deve ser informado: inscricao ou cpf.\n"
					},
					"response": []
				},
				{
					"name": "GetSaldoDetalhadoParticipanteByInscricaoCpf",
					"request": {
						"method": "GET",
						"header": [
							{
								"key": "Accept",
								"value": "application/json"
							},
							{
								"key": "Authorization",
								"value": "{{Authorization}}"
							}
						],
						"body": {},
						"url": {
							"raw": "{{hostname}}/api/v1/beneficio/participante/saldoReservaDetalhado?inscricao={{inscricao}}&codigoPlano={{codigoPlano}}&cpf={{cpf}}&data={{data}}&codigoInstituidor={{codigoInstituidor}}",
							"host": [
								"{{hostname}}"
							],
							"path": [
								"api",
								"v1",
								"beneficio",
								"participante",
								"saldoReservaDetalhado"
							],
							"query": [
								{
									"key": "inscricao",
									"value": "{{inscricao}}"
								},
								{
									"key": "codigoPlano",
									"value": "{{codigoPlano}}"
								},
								{
									"key": "cpf",
									"value": "{{cpf}}"
								},
								{
									"key": "data",
									"value": "{{data}}"
								},
								{
									"key": "codigoInstituidor",
									"value": "{{codigoInstituidor}}"
								}
							]
						},
						"description": "Retornar o saldo detalhado da reserva da adesão do participante filtrado pelo identificador da adesão, CPF do participante e a data informados na URL."
					},
					"response": []
				},
				{
					"name": "GetSimulacaoBeneficio",
					"request": {
						"method": "GET",
						"header": [
							{
								"key": "Accept",
								"value": "application/json"
							},
							{
								"key": "Authorization",
								"value": "{{Authorization}}"
							}
						],
						"body": {},
						"url": {
							"raw": "{{hostname}}/api/v1/beneficio/participante/simulacaoBeneficio?capitalSegurado={{capitalSegurado}}&beneficioRisco={{beneficioRisco}}&opcaoSaque={{opcaoSaque}}&percentualAVista={{percentualAVista}}&codigoPlano={{codigoPlano}}&cpf={{cpf}}&percentualSimulacao={{percentualSimulacao}}&inscricao={{inscricao}}&prazoParcelas={{prazoParcelas}}&codigoInstituidor={{codigoInstituidor}}",
							"host": [
								"{{hostname}}"
							],
							"path": [
								"api",
								"v1",
								"beneficio",
								"participante",
								"simulacaoBeneficio"
							],
							"query": [
								{
									"key": "capitalSegurado",
									"value": "{{capitalSegurado}}"
								},
								{
									"key": "beneficioRisco",
									"value": "{{beneficioRisco}}"
								},
								{
									"key": "opcaoSaque",
									"value": "{{opcaoSaque}}"
								},
								{
									"key": "percentualAVista",
									"value": "{{percentualAVista}}"
								},
								{
									"key": "codigoPlano",
									"value": "{{codigoPlano}}"
								},
								{
									"key": "cpf",
									"value": "{{cpf}}"
								},
								{
									"key": "percentualSimulacao",
									"value": "{{percentualSimulacao}}"
								},
								{
									"key": "inscricao",
									"value": "{{inscricao}}"
								},
								{
									"key": "prazoParcelas",
									"value": "{{prazoParcelas}}"
								},
								{
									"key": "codigoInstituidor",
									"value": "{{codigoInstituidor}}"
								}
							]
						},
						"description": "Retorna os dados da Simulação de Benefício"
					},
					"response": []
				},
				{
					"name": "GetSimulacaoResgate",
					"request": {
						"method": "GET",
						"header": [
							{
								"key": "Accept",
								"value": "application/json"
							},
							{
								"key": "Authorization",
								"value": "{{Authorization}}"
							}
						],
						"body": {},
						"url": {
							"raw": "{{hostname}}/api/v1/beneficio/participante/simulacaoResgate?identificadorTipoResgate={{identificadorTipoResgate}}&codigoPlano={{codigoPlano}}&cpf={{cpf}}&inscricao={{inscricao}}&prazoParcelas={{prazoParcelas}}&codigoInstituidor={{codigoInstituidor}}",
							"host": [
								"{{hostname}}"
							],
							"path": [
								"api",
								"v1",
								"beneficio",
								"participante",
								"simulacaoResgate"
							],
							"query": [
								{
									"key": "identificadorTipoResgate",
									"value": "{{identificadorTipoResgate}}"
								},
								{
									"key": "codigoPlano",
									"value": "{{codigoPlano}}"
								},
								{
									"key": "cpf",
									"value": "{{cpf}}"
								},
								{
									"key": "inscricao",
									"value": "{{inscricao}}"
								},
								{
									"key": "prazoParcelas",
									"value": "{{prazoParcelas}}"
								},
								{
									"key": "codigoInstituidor",
									"value": "{{codigoInstituidor}}"
								}
							]
						},
						"description": "Retorna a Simulação do Resgate."
					},
					"response": []
				},
				{
					"name": "GetSuspensoesContribuicaoByInscricao",
					"request": {
						"method": "GET",
						"header": [
							{
								"key": "Accept",
								"value": "application/json"
							},
							{
								"key": "Authorization",
								"value": "{{Authorization}}"
							}
						],
						"body": {},
						"url": {
							"raw": "{{hostname}}/api/v1/beneficio/participante/suspensaoContribuicao?inscricao={{inscricao}}&codigoPlano={{codigoPlano}}&codigoInstituidor={{codigoInstituidor}}",
							"host": [
								"{{hostname}}"
							],
							"path": [
								"api",
								"v1",
								"beneficio",
								"participante",
								"suspensaoContribuicao"
							],
							"query": [
								{
									"key": "inscricao",
									"value": "{{inscricao}}"
								},
								{
									"key": "codigoPlano",
									"value": "{{codigoPlano}}"
								},
								{
									"key": "codigoInstituidor",
									"value": "{{codigoInstituidor}}"
								}
							]
						},
						"description": "Retorna a relação das Suspensões de Contribuição filtradas pela inscrição informada na URL."
					},
					"response": []
				},
				{
					"name": "InsertSuspensaoContribuicao",
					"request": {
						"method": "PUT",
						"header": [
							{
								"key": "Accept",
								"value": "application/json"
							},
							{
								"key": "Authorization",
								"value": "{{Authorization}}"
							}
						],
						"body": {
							"mode": "raw",
							"raw": "{\n    \"inscricaoQuanta\": \"22690\",\n    \"codigoPlano\": 2,\n    \"dataSolicitacaoSuspensao\": \"2014-08-10T15:39:23\",\n    \"qtdeMesesSuspensao\": 12,\n    \"contribuicao\": \"Aposerntadoria\",\n    \"observacoes\": \"observações diversas sobre a suspensão da contribuição....\",\n    \"userName\": \"nomeUsuarioSOP\"\n}"
						},
						"url": {
							"raw": "{{hostname}}/api/v1/beneficio/participante/suspensaoContribuicao/inserir",
							"host": [
								"{{hostname}}"
							],
							"path": [
								"api",
								"v1",
								"beneficio",
								"participante",
								"suspensaoContribuicao",
								"inserir"
							]
						},
						"description": "Insere uma Suspensão de Contribuição no sistema."
					},
					"response": []
				},
				{
					"name": "ReverterSuspensaoContribuicao",
					"request": {
						"method": "POST",
						"header": [
							{
								"key": "Accept",
								"value": "application/json"
							},
							{
								"key": "Authorization",
								"value": "{{Authorization}}"
							}
						],
						"body": {
							"mode": "raw",
							"raw": "{\n    \"inscricaoQuanta\": \"238472\",\n    \"codigoPlano\": 2,\n    \"dataReversao\": \"2014-12-01T00:00:00\",\n    \"contribuicao\": \"Morte\",\n    \"userName\": \"nomeUsuarioSOP\"\n}"
						},
						"url": {
							"raw": "{{hostname}}/api/v1/beneficio/participante/suspensaoContribuicao/reverter",
							"host": [
								"{{hostname}}"
							],
							"path": [
								"api",
								"v1",
								"beneficio",
								"participante",
								"suspensaoContribuicao",
								"reverter"
							]
						},
						"description": "Reverte uma Suspensão de Contribuição da adesão no sistema."
					},
					"response": []
				},
				{
					"name": "GetSuspensoesContribuicaoContrato",
					"request": {
						"method": "GET",
						"header": [
							{
								"key": "Accept",
								"value": "application/json"
							},
							{
								"key": "Authorization",
								"value": "{{Authorization}}"
							}
						],
						"body": {},
						"url": {
							"raw": "{{hostname}}/api/v1/beneficio/participante/suspensaoContribuicaoContrato?identificadorContrato={{identificadorContrato}}&codigoPlano={{codigoPlano}}&cnpjEmpregador={{cnpjEmpregador}}&codigoInstituidor={{codigoInstituidor}}",
							"host": [
								"{{hostname}}"
							],
							"path": [
								"api",
								"v1",
								"beneficio",
								"participante",
								"suspensaoContribuicaoContrato"
							],
							"query": [
								{
									"key": "identificadorContrato",
									"value": "{{identificadorContrato}}"
								},
								{
									"key": "codigoPlano",
									"value": "{{codigoPlano}}"
								},
								{
									"key": "cnpjEmpregador",
									"value": "{{cnpjEmpregador}}"
								},
								{
									"key": "codigoInstituidor",
									"value": "{{codigoInstituidor}}"
								}
							]
						},
						"description": "Retorna as suspensões do Contrato."
					},
					"response": []
				},
				{
					"name": "InsertSuspensaoContribuicaoContrato",
					"request": {
						"method": "PUT",
						"header": [
							{
								"key": "Accept",
								"value": "application/json"
							},
							{
								"key": "Authorization",
								"value": "{{Authorization}}"
							}
						],
						"body": {
							"mode": "raw",
							"raw": "{\n    \"identificadorContrato\": \"900\",\n    \"cnpjEmpregador\": \"01605706000140\",\n    \"codigoInstituidor\": null,\n    \"dataSolicitacaoSuspensao\": \"2017-08-28T00:00:00\",\n    \"dataFimSuspensao\": \"2017-12-28T00:00:00\",\n    \"contribuicaoAposentadoria\": true,\n    \"contribuicaoRisco\": true,\n    \"aporteEmpregadorInstituidor\": true,\n    \"userName\": \"phafTcheTche\",\n    \"codigoPlano\": 4\n}"
						},
						"url": {
							"raw": "{{hostname}}/api/v1/beneficio/participante/suspensaoContribuicaoContrato/inserir",
							"host": [
								"{{hostname}}"
							],
							"path": [
								"api",
								"v1",
								"beneficio",
								"participante",
								"suspensaoContribuicaoContrato",
								"inserir"
							]
						},
						"description": "Insere a suspensão da geração de cobrança por contrato"
					},
					"response": []
				},
				{
					"name": "ReverterSuspensaoContribuicaoContrato",
					"request": {
						"method": "PUT",
						"header": [
							{
								"key": "Accept",
								"value": "application/json"
							},
							{
								"key": "Authorization",
								"value": "{{Authorization}}"
							}
						],
						"body": {
							"mode": "raw",
							"raw": "{\n    \"identificadorContrato\": \"900\",\n    \"cnpjEmpregador\": \"01605706000140\",\n    \"codigoInstituidor\": null,\n    \"dataReferencia\": \"2017-08-28T00:00:00\",\n    \"contribuicaoAposentadoria\": true,\n    \"contribuicaoRisco\": true,\n    \"aporteEmpregadorInstituidor\": false,\n    \"userName\": \"phafTcheTche\",\n    \"codigoPlano\": 4\n}"
						},
						"url": {
							"raw": "{{hostname}}/api/v1/beneficio/participante/suspensaoContribuicaoContrato/reverter",
							"host": [
								"{{hostname}}"
							],
							"path": [
								"api",
								"v1",
								"beneficio",
								"participante",
								"suspensaoContribuicaoContrato",
								"reverter"
							]
						},
						"description": "Cancela a suspensão da geração de cobrança de um determinado contrato"
					},
					"response": []
				},
				{
					"name": "GetTipoResgate",
					"request": {
						"method": "GET",
						"header": [
							{
								"key": "Accept",
								"value": "application/json"
							},
							{
								"key": "Authorization",
								"value": "{{Authorization}}"
							}
						],
						"body": {},
						"url": {
							"raw": "{{hostname}}/api/v1/beneficio/participante/tipoResgate?identificadorContrato={{identificadorContrato}}&codigoPlano={{codigoPlano}}&cnpjEmpregador={{cnpjEmpregador}}",
							"host": [
								"{{hostname}}"
							],
							"path": [
								"api",
								"v1",
								"beneficio",
								"participante",
								"tipoResgate"
							],
							"query": [
								{
									"key": "identificadorContrato",
									"value": "{{identificadorContrato}}"
								},
								{
									"key": "codigoPlano",
									"value": "{{codigoPlano}}"
								},
								{
									"key": "cnpjEmpregador",
									"value": "{{cnpjEmpregador}}"
								}
							]
						},
						"description": "Retorna os Tipose de Resgate\n* Informar CNPJ do Empregador caso o plano for CORPORATIVO\n"
					},
					"response": []
				},
				{
					"name": "TornarParticipanteVinculado",
					"request": {
						"method": "POST",
						"header": [
							{
								"key": "Accept",
								"value": "application/json"
							},
							{
								"key": "Authorization",
								"value": "{{Authorization}}"
							}
						],
						"body": {
							"mode": "raw",
							"raw": "{\n    \"cnpjEmpregador\": \"CNPJ do Empregador\",\n    \"inscricaoOficial\": \"Inscrição do Participante\",\n    \"codigoPlano\": 1,\n    \"userName\": \"Nome do Usuário\"\n}"
						},
						"url": {
							"raw": "{{hostname}}/api/v1/beneficio/participante/tornarParticipanteVinculado",
							"host": [
								"{{hostname}}"
							],
							"path": [
								"api",
								"v1",
								"beneficio",
								"participante",
								"tornarParticipanteVinculado"
							]
						},
						"description": "Insere uma Solicitação de Autopatrocínio no sistema Atena."
					},
					"response": []
				}
			],
			"description": "Folder for api"
		}
	]
}